Spline_Knots,C,Fit_Seconds,ROC_AUC,Log_Loss,Average_Precision
12,1.0,24.31919170008041,0.9395563988774366,0.2304398182231575,0.7481739705760091
12,10.0,24.668078300077468,0.939552968102772,0.2304429266132971,0.7481819823845286
12,0.1,24.295925799990073,0.939551880598924,0.23046457776511092,0.7480948702977723
8,10.0,20.916770400013775,0.9393982536126706,0.2307352865226556,0.7470657573710405
8,1.0,22.21990109991748,0.939394656643696,0.23074030354755956,0.7470573181535218
8,0.1,23.436564599978738,0.9393894915176184,0.2307548650677787,0.7469591334704583
5,10.0,19.82314699993003,0.9393303015174207,0.2308498207276763,0.7468224365863453
5,1.0,18.920503999921493,0.9393298767220051,0.23085112083866358,0.7468169027285604
5,0.1,20.09723449999001,0.9393284685527861,0.23086399034954155,0.7467540288757393
