Experiment,Best_Iteration,Fit_Seconds,Tuning_ROC_AUC,Tuning_Log_Loss,Tuning_Average_Precision,Holdout_ROC_AUC,Holdout_Log_Loss,Holdout_Average_Precision,Candidate,Original_Weight
features_legacy,1396,39.364123399951495,0.9415904631101071,0.2269498109817505,0.755934128396082,0.9417138441110787,0.22656428813934326,0.7573250268029513,,
features_refined,1377,52.77696589997504,0.9417528873611628,0.22665667533874512,0.756613477151368,0.9418548561906117,0.22632668912410736,0.7577535199145348,,
parameters_depth5_reference,1377,58.427181600010954,0.9417528873611628,0.22665667533874512,0.756613477151368,,,,depth5_reference,
parameters_lossguide_31,1516,66.57998539996333,0.9416867792641946,0.22677913308143616,0.7566531336240112,,,,lossguide_31,
parameters_depth4_regularized,1799,70.18598079995718,0.9416752573781462,0.22685393691062927,0.7566485435395629,,,,depth4_regularized,
parameters_depth6_regularized,1150,52.84379940002691,0.9415944135005925,0.22691945731639862,0.755938697213002,,,,depth6_regularized,
original_weight_0,1377,57.155802199966274,0.9417528873611628,0.22665667533874512,0.756613477151368,0.9418548561906117,0.22632668912410736,0.7577535199145348,,0.0
original_weight_3,56,6.477705099969171,0.9356733663944571,0.29904282093048096,0.7382024093290995,0.9359195505091303,0.2983448803424835,0.7362131325967614,,3.0
original_weight_1,25,5.042230400023982,0.9341146751264895,0.35099807381629944,0.7318499190423162,0.9345447908289478,0.35057124495506287,0.7307944485937954,,1.0
original_weight_5,52,6.304895499954,0.9337476694721846,0.3033711612224579,0.73560468170559,0.9341779644714092,0.3026702404022217,0.7340783221585614,,5.0
